City_ID,City,Country,Date,Lat,Lng,Max Temp,Humidity,Cloudiness,Wind Speed
0,Charyshskoye,RU,2021-07-17 21:15:42,51.3978,83.5598,54.28,72,35,6.22
1,Rikitea,PF,2021-07-17 21:15:43,-23.1203,-134.9692,71.96,76,99,27.47
2,Kaitangata,NZ,2021-07-17 21:15:43,-46.2817,169.8464,45.64,91,100,5.75
3,Quito,EC,2021-07-17 21:12:52,-0.2299,-78.5249,60.4,80,81,6.33
4,Baykit,RU,2021-07-17 21:15:44,61.67,96.37,57.47,99,100,5.19
5,Castro,BR,2021-07-17 21:15:44,-24.7911,-50.0119,55.76,96,27,5.41
6,Lavrentiya,RU,2021-07-17 21:15:44,65.5833,-171.0,49.24,83,82,11.61
7,Port Elizabeth,ZA,2021-07-17 21:15:45,-33.918,25.5701,53.89,94,40,8.05
8,Lubango,AO,2021-07-17 21:15:45,-14.9172,13.4925,58.71,42,8,1.97
9,Qaanaaq,GL,2021-07-17 21:15:45,77.484,-69.3632,35.1,95,100,4.18
10,Port Alfred,ZA,2021-07-17 21:15:46,-33.5906,26.891,56.89,73,0,8.7
11,Yulara,AU,2021-07-17 21:15:09,-25.2406,130.9889,44.44,76,7,6.91
12,Codrington,AU,2021-07-17 21:15:46,-38.2667,141.9667,49.06,80,76,11.36
13,Vao,NC,2021-07-17 21:15:39,-22.6667,167.4833,72.37,82,2,8.39
14,Thompson,CA,2021-07-17 21:14:00,55.7435,-97.8558,69.24,28,66,7.36
15,Bluff,NZ,2021-07-17 21:15:47,-46.6,168.3333,43.81,82,100,10.27
16,Ushuaia,AR,2021-07-17 21:11:29,-54.8,-68.3,33.46,93,0,2.3
17,Torbay,CA,2021-07-17 21:15:48,47.6666,-52.7314,68.88,89,100,18.01
18,Zeya,RU,2021-07-17 21:15:48,53.75,127.2667,61.63,71,0,3.89
19,Albany,US,2021-07-17 21:15:05,42.6001,-73.9662,78.8,88,100,4.29
20,Kasongo-Lunda,CD,2021-07-17 21:15:49,-6.4667,16.8167,73.62,31,98,0.49
21,Tshela,CD,2021-07-17 21:15:49,-4.9833,12.9333,68.61,97,74,2.44
22,Ribeira Grande,PT,2021-07-17 21:15:49,38.5167,-28.7,68.85,71,49,11.54
23,Cochrane,CA,2021-07-17 21:15:13,51.1834,-114.4687,80.2,45,4,7.09
24,Coquimbo,CL,2021-07-17 21:15:50,-29.9533,-71.3436,60.53,67,0,9.22
25,Ossora,RU,2021-07-17 21:15:50,59.2353,163.0719,52.45,91,100,9.42
26,Tosya,TR,2021-07-17 21:15:51,41.0155,34.0401,71.92,51,0,1.52
27,Flinders,AU,2021-07-17 21:15:51,-34.5833,150.8552,55.18,68,0,4.0
28,Araouane,ML,2021-07-17 21:15:51,18.9048,-3.5265,101.1,12,3,8.48
29,Ucluelet,CA,2021-07-17 21:11:40,48.9329,-125.5528,68.95,87,89,1.01
30,Ginda,IN,2021-07-17 21:15:52,30.6945,78.4932,68.07,98,100,1.03
31,East London,ZA,2021-07-17 21:15:52,-33.0153,27.9116,58.14,61,0,6.46
32,Puerto Ayora,EC,2021-07-17 21:15:53,-0.7393,-90.3518,78.76,91,94,5.99
33,Pokhara,NP,2021-07-17 21:14:33,28.2333,83.9833,70.84,97,100,1.14
34,Dicabisagan,PH,2021-07-17 21:15:53,17.0818,122.4157,79.09,88,99,3.83
35,Divnoye,RU,2021-07-17 21:15:54,45.9089,43.3547,79.59,32,50,5.37
36,Sechura,PE,2021-07-17 21:15:54,-5.5569,-80.8222,76.82,59,28,16.33
37,Bitung,ID,2021-07-17 21:15:54,1.4451,125.1824,76.05,83,100,14.56
38,Mataura,NZ,2021-07-17 21:15:55,-46.1927,168.8643,43.48,94,98,2.64
39,Bredasdorp,ZA,2021-07-17 21:15:55,-34.5322,20.0403,54.72,94,2,2.3
40,Dinard,FR,2021-07-17 21:15:56,48.6314,-2.0614,67.62,80,0,8.05
41,Kodiak,US,2021-07-17 21:15:56,57.79,-152.4072,63.91,63,1,8.05
42,Souillac,MU,2021-07-17 21:15:56,-20.5167,57.5167,72.36,73,40,12.66
43,Shangrao,CN,2021-07-17 21:15:57,28.4532,117.9686,75.88,90,100,2.68
44,Half Moon Bay,US,2021-07-17 21:15:13,37.4636,-122.4286,97.61,59,20,1.01
45,Cherskiy,RU,2021-07-17 21:15:57,68.75,161.3,46.56,87,100,20.87
46,New Norfolk,AU,2021-07-17 21:15:58,-42.7826,147.0587,48.58,72,74,3.0
47,Khatanga,RU,2021-07-17 21:15:58,71.9667,102.5,54.55,74,64,5.08
48,Sinnamary,GF,2021-07-17 21:15:58,5.3833,-52.95,81.21,75,67,8.88
49,Saskatoon,CA,2021-07-17 21:15:59,52.1168,-106.6345,93.16,37,20,5.99
50,Den Helder,NL,2021-07-17 21:15:59,52.9599,4.7593,64.98,89,0,5.99
51,Doembang Nangbuat,TH,2021-07-17 21:16:00,14.8333,100.1,80.82,84,91,6.42
52,Fortuna,US,2021-07-17 21:16:00,40.5982,-124.1573,85.19,71,20,3.0
53,Hamilton,US,2021-07-17 21:16:01,39.1834,-84.5333,84.65,72,20,1.99
54,Sooke,CA,2021-07-17 21:16:01,48.3746,-123.7276,73.02,58,66,8.77
55,Kudahuvadhoo,MV,2021-07-17 21:16:02,2.6708,72.8944,82.71,76,77,10.38
56,Kahului,US,2021-07-17 21:16:02,20.8947,-156.47,86.02,72,40,17.27
57,Kokkola,FI,2021-07-17 21:16:03,63.8385,23.1307,63.03,96,0,2.3
58,Cabo San Lucas,MX,2021-07-17 21:16:03,22.8909,-109.9124,99.52,62,20,1.01
59,Barrow,US,2021-07-17 21:16:04,71.2906,-156.7887,53.62,93,90,17.27
60,Ambulu,ID,2021-07-17 21:16:04,-8.345,113.6058,70.9,90,27,3.42
61,Yambio,SS,2021-07-17 21:16:04,4.5721,28.3955,68.49,94,96,2.98
62,Voh,NC,2021-07-17 21:16:05,-20.9667,164.7,72.59,62,1,2.04
63,Houma,US,2021-07-17 21:16:05,29.5958,-90.7195,89.6,81,100,4.0
64,Wanxian,CN,2021-07-17 21:16:06,30.8039,108.3897,76.3,94,22,2.24
65,Villa Maria,AR,2021-07-17 21:16:06,-32.4075,-63.2402,49.82,38,0,15.1
66,Hobart,AU,2021-07-17 21:13:29,-42.8794,147.3294,48.92,72,40,1.99
67,Dawei,MM,2021-07-17 21:16:07,14.0833,98.2,75.78,95,100,1.28
68,Punta Arenas,CL,2021-07-17 21:16:07,-53.15,-70.9167,39.31,81,75,12.66
69,Cairns,AU,2021-07-17 21:16:07,-16.9167,145.7667,73.35,70,90,9.22
70,Mikun,RU,2021-07-17 21:16:08,62.3547,50.0771,57.83,81,28,5.77
71,Taboga,IT,2021-07-17 21:16:08,46.2663,13.1092,71.89,79,100,8.77
72,Bethel,US,2021-07-17 21:16:00,41.3712,-73.414,84.69,92,77,3.38
73,Taranagar,IN,2021-07-17 21:16:09,28.6709,75.0351,92.98,49,100,7.92
74,Airai,TL,2021-07-17 21:16:09,-8.9266,125.4092,56.01,62,99,2.51
75,Tanabe,JP,2021-07-17 21:16:10,33.7333,135.3667,77.94,83,100,1.01
76,Avarua,CK,2021-07-17 21:15:49,-21.2078,-159.775,78.85,78,40,12.66
77,Atuona,PF,2021-07-17 21:16:10,-9.8,-139.0333,78.28,77,22,26.08
78,Cape Town,ZA,2021-07-17 21:15:01,-33.9258,18.4232,56.1,96,0,1.99
79,Zyryanka,RU,2021-07-17 21:16:11,65.75,150.85,49.44,95,100,25.77
80,Kyren,RU,2021-07-17 21:16:11,51.6828,102.1408,60.01,97,100,4.85
81,Tiznit,MA,2021-07-17 21:16:12,29.5833,-9.5,92.8,23,29,0.74
82,Rocha,UY,2021-07-17 21:16:12,-34.4833,-54.3333,46.8,58,2,14.14
83,Vaini,TO,2021-07-17 21:16:12,-21.2,-175.2,77.16,88,75,8.05
84,Garissa,KE,2021-07-17 21:16:13,-0.4536,39.6401,73.89,70,6,20.04
85,Victoria,HK,2021-07-17 21:11:55,22.2855,114.1577,84.18,90,100,1.01
86,Talnakh,RU,2021-07-17 21:16:13,69.4865,88.3972,53.55,95,98,4.79
87,Broome,US,2021-07-17 21:15:44,42.2506,-75.833,83.55,79,75,8.05
88,La Tuque,CA,2021-07-17 21:16:14,47.4334,-72.7824,84.45,30,100,4.61
89,Kavieng,PG,2021-07-17 21:16:14,-2.5744,150.7967,82.51,78,98,12.39
90,Nioro,GM,2021-07-17 21:16:15,13.35,-15.75,87.15,57,100,6.46
91,Buraydah,SA,2021-07-17 21:16:15,26.326,43.975,97.25,20,42,14.9
92,Asfi,MA,2021-07-17 21:16:15,32.2994,-9.2372,72.46,77,0,17.49
93,Nouadhibou,MR,2021-07-17 21:16:16,20.931,-17.0347,69.78,88,25,11.5
94,Uribia,CO,2021-07-17 21:16:16,11.7139,-72.266,93.7,36,18,23.69
95,Beringovskiy,RU,2021-07-17 21:16:16,63.05,179.3167,53.47,77,100,8.03
96,Hilo,US,2021-07-17 21:16:17,19.7297,-155.09,89.28,81,90,12.66
97,Saldanha,ZA,2021-07-17 21:16:17,-33.0117,17.9442,50.05,86,0,8.9
98,Hermanus,ZA,2021-07-17 21:16:17,-34.4187,19.2345,53.91,90,6,9.28
99,Kondinskoye,RU,2021-07-17 21:16:18,59.6481,67.41,53.65,77,21,6.71
100,Hithadhoo,MV,2021-07-17 21:16:18,-0.6,73.0833,82.15,73,15,3.89
101,Cocobeach,GA,2021-07-17 21:16:18,1.0002,9.5823,76.93,76,83,7.05
102,Zaraza,VE,2021-07-17 21:16:19,9.3503,-65.3245,93.27,32,39,7.78
103,Vrangel,RU,2021-07-17 21:16:19,42.7297,133.0839,70.18,93,0,4.36
104,Portland,US,2021-07-17 21:16:02,45.5234,-122.6762,83.46,46,20,1.99
105,Pestravka,RU,2021-07-17 21:16:20,52.405,49.9583,72.72,60,17,3.98
106,Ormara,PK,2021-07-17 21:16:20,25.2088,64.6357,83.43,86,48,19.51
107,Pochutla,MX,2021-07-17 21:16:10,15.7432,-96.4661,91.81,56,100,6.85
108,Biak,ID,2021-07-17 21:16:20,-0.9131,122.8766,73.42,87,100,1.72
109,Kapaa,US,2021-07-17 21:16:21,22.0752,-159.319,82.72,78,75,3.0
110,Ahipara,NZ,2021-07-17 21:16:21,-35.1667,173.1667,60.3,85,100,15.5
111,High Rock,BS,2021-07-17 21:16:21,26.6208,-78.2833,86.02,69,6,9.19
112,Scarborough,GB,2021-07-17 21:15:14,54.2797,-0.4044,73.22,71,0,4.36
113,Lompoc,US,2021-07-17 21:16:22,34.6391,-120.4579,93.02,68,1,14.97
114,Benghazi,LY,2021-07-17 21:13:51,32.1167,20.0667,79.16,73,2,15.12
115,Ornskoldsvik,SE,2021-07-17 21:16:22,63.2909,18.7153,66.02,82,90,3.44
116,Tasiilaq,GL,2021-07-17 21:16:23,65.6145,-37.6368,44.76,70,100,6.22
117,Paciran,ID,2021-07-17 21:16:23,-6.8767,112.3761,75.51,83,78,7.83
118,Calama,CL,2021-07-17 21:16:23,-22.4667,-68.9333,68.49,11,54,24.16
119,Nanortalik,GL,2021-07-17 21:16:24,60.1432,-45.2371,52.66,73,98,17.56
120,Nuuk,GL,2021-07-17 21:16:24,64.1835,-51.7216,52.41,87,75,11.5
121,Hasaki,JP,2021-07-17 21:16:25,35.7333,140.8333,75.6,91,49,5.93
122,Klaksvik,FO,2021-07-17 21:16:25,62.2266,-6.589,49.12,89,8,13.09
123,Qaqortoq,GL,2021-07-17 21:16:25,60.7167,-46.0333,55.9,67,100,4.21
124,Vostok,RU,2021-07-17 21:16:26,46.4856,135.8833,69.3,99,86,3.56
125,Marawi,PH,2021-07-17 21:16:26,7.9986,124.2928,67.64,93,99,4.83
126,Busselton,AU,2021-07-17 21:16:26,-33.65,115.3333,45.09,71,5,10.02
127,Narino,CO,2021-07-17 21:16:06,5.6089,-75.1766,79.74,71,92,4.61
128,Tucuman,AR,2021-07-17 21:16:27,-26.8241,-65.2226,60.8,39,80,0.0
129,Akdepe,TM,2021-07-17 21:16:27,42.0551,59.3788,78.8,21,0,7.83
130,Nikolskoye,RU,2021-07-17 21:16:28,59.7035,30.7861,64.29,58,0,3.02
131,Cockburn Town,TC,2021-07-17 21:16:28,21.4612,-71.1419,84.16,65,40,18.41
132,Reconquista,AR,2021-07-17 21:16:28,-29.15,-59.65,54.97,38,0,9.62
133,Arman,RU,2021-07-17 21:16:29,59.7,150.1667,57.85,90,100,5.55
134,Georgetown,MY,2021-07-17 21:14:02,5.4112,100.3354,81.9,89,20,0.0
135,Hede,CN,2021-07-17 21:16:29,33.7681,120.2517,74.61,93,1,9.51
136,Kyra,RU,2021-07-17 21:16:30,49.5776,111.9753,60.28,93,100,4.25
137,Necochea,AR,2021-07-17 21:16:30,-38.5473,-58.7368,47.03,77,100,25.84
138,Renqiu,CN,2021-07-17 21:16:30,38.6989,116.0936,74.26,95,100,5.99
139,Saint-Francois,FR,2021-07-17 21:16:31,46.4154,3.9054,69.19,88,0,5.75
140,Birao,CF,2021-07-17 21:16:31,10.2849,22.7882,76.77,74,97,5.23
141,Butaritari,KI,2021-07-17 21:16:32,3.0707,172.7902,84.18,75,9,17.4
142,Xinpu,CN,2021-07-17 21:16:32,34.5997,119.1594,73.54,96,22,8.52
143,Sosnovo-Ozerskoye,RU,2021-07-17 21:16:32,52.5249,111.5418,60.51,87,100,5.06
144,Alofi,NU,2021-07-17 21:16:33,-19.0595,-169.9187,76.89,88,13,11.5
145,Dargaville,NZ,2021-07-17 21:16:33,-35.9333,173.8833,59.56,78,25,11.61
146,Anadyr,RU,2021-07-17 21:16:33,64.75,177.4833,59.5,72,0,15.66
147,Skoghall,SE,2021-07-17 21:16:34,59.3232,13.4655,64.96,68,2,8.05
148,Upernavik,GL,2021-07-17 21:16:34,72.7868,-56.1549,40.3,73,99,12.88
149,Kautokeino,NO,2021-07-17 21:16:35,69.0125,23.0412,48.78,70,90,1.39
150,Garmsar,IR,2021-07-17 21:16:35,35.2182,52.3409,87.69,29,0,7.67
151,Beloha,MG,2021-07-17 21:16:35,-25.1667,45.05,65.23,76,1,7.36
152,New Iberia,US,2021-07-17 21:16:31,30.0035,-91.8187,89.98,64,1,0.0
153,Saint-Augustin,CA,2021-07-17 21:16:36,51.226,-58.6502,68.56,50,88,12.12
154,Beira,MZ,2021-07-17 21:16:36,-19.8436,34.8389,66.29,88,75,10.36
155,Jamestown,US,2021-07-17 21:16:36,42.097,-79.2353,74.52,94,90,11.5
156,Cayenne,GF,2021-07-17 21:14:58,4.9333,-52.3333,84.24,76,0,1.99
157,Suzun,RU,2021-07-17 21:16:37,53.7841,82.3116,54.84,91,85,5.79
158,Rio Grande,BR,2021-07-17 21:16:37,-32.035,-52.0986,55.51,68,58,17.05
159,Queimadas,BR,2021-07-17 21:12:33,-10.9783,-39.6264,79.43,48,38,9.91
160,Itabera,BR,2021-07-17 21:16:38,-23.8619,-49.1372,61.07,91,66,4.52
161,Xai-Xai,MZ,2021-07-17 21:16:38,-25.0519,33.6442,61.59,73,0,6.11
162,Teya,RU,2021-07-17 21:16:39,60.3778,92.6267,54.46,97,100,2.26
163,Ponta Do Sol,PT,2021-07-17 21:16:39,32.6667,-17.1,72.72,83,2,3.96
164,Arraial Do Cabo,BR,2021-07-17 21:14:58,-22.9661,-42.0278,69.66,88,20,5.75
165,Saint-Pierre,RE,2021-07-17 21:16:40,-21.3393,55.4781,67.68,68,0,17.27
166,Guerrero Negro,MX,2021-07-17 21:16:40,27.9769,-114.0611,79.97,52,0,15.3
167,La Ronge,CA,2021-07-17 21:16:41,55.1001,-105.2842,57.45,62,90,14.97
168,Lebu,CL,2021-07-17 21:16:41,-37.6167,-73.65,50.13,66,8,16.06
169,Saint-Philippe,RE,2021-07-17 21:16:41,-21.3585,55.7679,67.59,77,40,11.41
170,Ivanteyevka,RU,2021-07-17 21:16:42,55.9711,37.9208,75.49,77,20,3.44
171,Karratha,AU,2021-07-17 21:16:42,-20.7377,116.8463,65.3,26,23,7.65
172,Kangaatsiaq,GL,2021-07-17 21:16:42,68.3065,-53.4641,43.65,88,3,4.45
173,San Cristobal,VE,2021-07-17 21:16:43,7.7669,-72.225,82.58,59,31,5.86
174,Iqaluit,CA,2021-07-17 21:16:43,63.7506,-68.5145,62.33,63,75,6.91
175,Ilhabela,BR,2021-07-17 21:16:43,-23.7781,-45.3581,68.5,89,52,3.83
176,Olafsvik,IS,2021-07-17 21:16:44,64.8945,-23.7142,48.94,87,36,12.93
177,Kaduqli,SD,2021-07-17 21:16:44,11.0167,29.7167,76.82,72,62,5.23
178,Roura,GF,2021-07-17 21:16:45,4.7263,-52.3274,84.11,70,0,10.36
179,Nhulunbuy,AU,2021-07-17 21:16:45,-12.2333,136.7667,75.81,69,75,11.5
180,Abilene,US,2021-07-17 21:13:27,32.4487,-99.7331,95.49,46,40,1.01
181,Egvekinot,RU,2021-07-17 21:16:45,66.3167,-179.1667,46.85,86,88,8.32
182,San Patricio,US,2021-07-17 21:16:46,28.017,-97.5169,93.61,51,11,14.43
183,Tuy Hoa,VN,2021-07-17 21:16:46,13.0833,109.3,77.2,87,58,9.64
184,Namatanai,PG,2021-07-17 21:16:40,-3.6667,152.4333,79.54,85,79,6.42
185,Yellowknife,CA,2021-07-17 21:15:00,62.456,-114.3525,62.33,44,2,5.99
186,Kruisfontein,ZA,2021-07-17 21:16:47,-34.0033,24.7314,45.88,75,0,5.73
187,Jumla,NP,2021-07-17 21:16:47,29.2747,82.1838,63.95,98,100,1.9
188,Rioja,AR,2021-07-17 21:16:47,-29.4111,-66.8507,57.11,21,25,5.61
189,Saskylakh,RU,2021-07-17 21:16:48,71.9167,114.0833,50.61,61,86,7.74
190,Longyearbyen,SJ,2021-07-17 21:16:48,78.2186,15.6401,48.04,76,75,12.66
191,Adrar,MR,2021-07-17 21:16:49,20.5022,-10.0711,98.11,18,49,3.06
192,Ljutomer,SI,2021-07-17 21:16:49,46.5208,16.1975,70.79,93,100,14.14
193,Mizdah,LY,2021-07-17 21:16:50,31.4451,12.9801,72.86,55,0,6.53
194,Cidreira,BR,2021-07-17 21:16:50,-30.1811,-50.2056,59.14,73,9,11.97
195,Lagoa,PT,2021-07-17 21:16:50,39.05,-27.9833,67.39,72,8,13.47
196,Mar Del Plata,AR,2021-07-17 21:16:35,-38.0023,-57.5575,50.0,60,75,14.0
197,Zhenlai,CN,2021-07-17 21:16:51,45.8495,123.2973,74.89,77,95,11.74
198,Port Blair,IN,2021-07-17 21:15:10,11.6667,92.75,81.23,81,100,12.91
199,Ancud,CL,2021-07-17 21:16:52,-41.8697,-73.8203,47.73,74,71,2.37
200,Sabang,ID,2021-07-17 21:16:52,5.8933,95.3214,82.09,73,69,18.81
201,Tura,IN,2021-07-17 21:16:52,25.5198,90.2201,73.35,93,100,4.76
202,Bonthe,SL,2021-07-17 21:16:53,7.5264,-12.505,75.25,92,100,6.55
203,Sao Filipe,CV,2021-07-17 21:16:53,14.8961,-24.4956,74.01,82,100,8.95
204,Chicama,PE,2021-07-17 21:15:56,-7.8447,-79.1469,66.74,67,10,10.65
205,Mahebourg,MU,2021-07-17 21:16:53,-20.4081,57.7,72.25,73,40,12.66
206,Marsa Matruh,EG,2021-07-17 21:16:54,31.3525,27.2453,78.57,73,0,10.83
207,Grand-Santi,GF,2021-07-17 21:16:54,4.25,-54.3833,76.69,89,96,1.52
208,Carnarvon,AU,2021-07-17 21:16:55,-24.8667,113.6333,55.47,59,89,5.75
209,Krasnoselkup,RU,2021-07-17 21:16:55,65.7,82.4667,44.71,80,91,6.04
210,Naze,JP,2021-07-17 21:16:55,28.3667,129.4833,78.48,85,100,14.54
211,Sitka,US,2021-07-17 21:15:18,57.0531,-135.33,62.49,77,75,4.61
212,Udachnyy,RU,2021-07-17 21:16:56,66.4167,112.4,56.28,68,84,5.66
213,Lasa,IT,2021-07-17 21:16:56,46.6166,10.7002,65.14,94,85,7.25
214,Itoman,JP,2021-07-17 21:16:56,26.1247,127.6694,83.17,92,20,3.44
215,Linxia,CN,2021-07-17 21:16:57,35.6003,103.2064,60.01,75,20,4.25
216,Kaeo,NZ,2021-07-17 21:15:06,-35.1,173.7833,62.33,87,100,13.31
217,Lufilufi,WS,2021-07-17 21:15:41,-13.8745,-171.5986,83.79,79,34,24.74
218,Constitucion,CL,2021-07-17 21:15:56,-35.3333,-72.4167,53.42,52,0,10.36
219,Samarai,PG,2021-07-17 21:16:58,-10.6167,150.6667,79.72,84,98,16.24
220,Norman Wells,CA,2021-07-17 21:16:58,65.282,-126.8329,75.24,27,20,11.5
221,Aksarka,RU,2021-07-17 21:16:59,66.5606,67.7975,46.22,78,6,6.78
222,Bulembu,SZ,2021-07-17 21:16:59,-25.9667,31.1333,47.35,55,0,3.47
223,Victor Harbor,AU,2021-07-17 21:16:59,-35.5667,138.6167,49.19,92,100,5.95
224,Kosh-Agach,RU,2021-07-17 21:17:00,50.0,88.6667,45.3,82,83,0.69
225,Tuatapere,NZ,2021-07-17 21:15:45,-46.1333,167.6833,43.83,94,100,3.36
226,Shuyskoye,RU,2021-07-17 21:17:00,59.3736,41.0305,60.84,68,0,4.47
227,Isangel,VU,2021-07-17 21:16:45,-19.55,169.2667,78.91,89,20,5.75
228,Sola,VU,2021-07-17 21:17:01,-13.8833,167.55,81.27,83,75,5.75
229,Touros,BR,2021-07-17 21:17:02,-5.1989,-35.4608,74.3,81,38,14.45
230,Korla,CN,2021-07-17 21:17:02,41.7597,86.1469,79.75,31,99,15.75
231,Esperance,AU,2021-07-17 21:17:03,-33.8667,121.9,51.91,78,9,9.26
232,Chuy,UY,2021-07-17 21:17:03,-33.6971,-53.4616,47.57,64,2,11.21
233,Griffith,US,2021-07-17 21:17:04,41.5284,-87.4237,81.12,82,90,1.99
234,Belaya Gora,RU,2021-07-17 21:17:04,68.5333,146.4167,40.82,66,100,16.04
235,Wukari,NG,2021-07-17 21:17:04,7.85,9.7833,74.7,87,81,6.58
236,Batagay-Alyta,RU,2021-07-17 21:17:05,67.8006,130.4114,44.29,77,55,3.83
237,Gao,ML,2021-07-17 21:17:05,16.6362,1.637,95.05,33,7,11.01
238,Pringsewu,ID,2021-07-17 21:17:05,-5.3582,104.9744,71.22,96,62,1.41
239,Cap Malheureux,MU,2021-07-17 21:17:06,-19.9842,57.6142,72.46,72,41,8.99
240,Komsomolskiy,UZ,2021-07-17 21:17:06,40.4272,71.7189,72.82,52,96,0.16
241,Anchorage,US,2021-07-17 21:15:05,61.2181,-149.9003,80.74,57,1,1.01
242,Novoilinsk,RU,2021-07-17 21:17:07,51.6829,108.7143,58.96,96,64,2.82
243,Chokurdakh,RU,2021-07-17 21:17:07,70.6333,147.9167,39.15,83,100,15.86
244,Takoradi,GH,2021-07-17 21:17:07,4.8845,-1.7554,75.76,82,48,6.73
245,Severo-Kurilsk,RU,2021-07-17 21:17:08,50.6789,156.125,55.8,97,100,2.75
246,Taiobeiras,BR,2021-07-17 21:17:08,-15.8078,-42.2331,71.47,37,19,3.98
247,Balsas,BR,2021-07-17 21:17:08,-7.5325,-46.0356,86.27,28,5,3.44
248,Guayaramerin,BO,2021-07-17 21:17:09,-10.8368,-65.3614,94.62,32,15,0.56
249,Tautira,PF,2021-07-17 21:17:09,-17.7333,-149.15,82.42,73,24,22.48
250,Ulaanbaatar,MN,2021-07-17 21:17:10,47.9077,106.8832,55.53,88,40,4.47
251,Broken Hill,AU,2021-07-17 21:16:32,-31.95,141.4333,41.52,81,37,6.11
252,Seoul,KR,2021-07-17 21:17:00,37.5683,126.9778,78.37,73,40,1.14
253,Sanmenxia,CN,2021-07-17 21:17:10,34.7747,111.1814,74.1,91,100,5.39
254,Santa Rosa,PH,2021-07-17 21:17:11,14.3122,121.1114,80.11,82,100,5.28
255,Coari,BR,2021-07-17 21:17:11,-4.085,-63.1414,83.08,69,99,2.77
256,Ongwediva,NA,2021-07-17 21:17:11,-17.7833,15.7667,66.16,31,51,8.59
257,Cacador,BR,2021-07-17 21:17:12,-26.7753,-51.015,52.59,89,21,3.8
258,Kigorobya,UG,2021-07-17 21:17:12,1.6162,31.3089,69.85,62,100,3.47
259,Antofagasta,CL,2021-07-17 21:17:12,-23.65,-70.4,58.28,72,100,3.58
260,Fayaoue,NC,2021-07-17 21:17:13,-20.65,166.5333,74.8,77,3,1.83
261,Rockland,US,2021-07-17 21:17:13,41.1668,-74.0496,85.77,85,74,4.29
262,Isiro,CD,2021-07-17 21:17:13,2.7739,27.616,66.29,98,89,1.61
263,Tuktoyaktuk,CA,2021-07-17 21:17:14,69.4541,-133.0374,77.0,41,40,16.11
264,Harper,LR,2021-07-17 21:17:14,4.375,-7.7169,76.59,80,77,10.78
265,Saint George,US,2021-07-17 21:15:13,37.1041,-113.5841,103.39,22,1,1.99
266,Kutum,SD,2021-07-17 21:17:15,14.2,24.6667,77.92,50,50,11.32
267,Ugra,RU,2021-07-17 21:17:15,54.7777,34.3267,70.3,80,77,1.07
268,Bjornevatn,NO,2021-07-17 21:17:15,69.6672,29.9847,52.14,93,74,5.75
269,Honiara,SB,2021-07-17 21:17:16,-9.4333,159.95,80.31,77,68,3.74
270,Dikson,RU,2021-07-17 21:16:58,73.5069,80.5464,34.18,91,100,10.89
271,Alice Springs,AU,2021-07-17 21:17:16,-23.7,133.8833,38.75,75,0,0.0
272,Lensk,RU,2021-07-17 21:17:17,60.7253,114.9278,65.73,58,50,3.98
273,Jiuquan,CN,2021-07-17 21:17:17,39.7432,98.5174,79.68,22,4,8.79
274,Copperas Cove,US,2021-07-17 21:13:12,31.1241,-97.9031,95.43,49,20,12.66
275,Nara,JP,2021-07-17 21:17:17,34.6851,135.8049,79.92,94,95,6.49
276,Seymchan,RU,2021-07-17 21:17:18,62.8833,152.4333,62.42,74,96,4.03
277,Meulaboh,ID,2021-07-17 21:17:18,4.1363,96.1285,75.25,84,62,4.41
278,San Juan,AR,2021-07-17 21:17:19,-31.5375,-68.5364,52.93,19,36,8.43
279,Palmer,US,2021-07-17 21:17:19,42.1584,-72.3287,82.89,73,90,25.32
280,Guangyuan,CN,2021-07-17 21:17:19,32.442,105.823,74.55,95,100,3.27
281,Havelock,US,2021-07-17 21:17:12,34.8791,-76.9013,89.83,79,40,10.0
282,Buchanan,LR,2021-07-17 21:17:20,5.8808,-10.0467,76.96,88,100,8.46
283,Atasu,KZ,2021-07-17 21:17:20,48.6814,71.6433,72.16,23,95,8.46
284,Richards Bay,ZA,2021-07-17 21:17:21,-28.783,32.0377,56.86,78,0,4.85
285,Leningradskiy,RU,2021-07-17 21:15:26,69.3833,178.4167,55.24,63,38,7.92
286,Mandalgovi,MN,2021-07-17 21:17:21,45.7625,106.2708,67.86,54,52,6.53
287,Narsaq,GL,2021-07-17 21:17:22,60.9167,-46.05,55.62,66,100,1.19
288,Marsh Harbour,BS,2021-07-17 21:17:22,26.5412,-77.0636,83.64,66,3,12.44
289,Dejen,ET,2021-07-17 21:17:22,10.1667,38.1333,54.79,80,100,3.18
290,Ust-Maya,RU,2021-07-17 21:17:23,60.4167,134.5333,63.54,64,23,3.74
291,Fairbanks,US,2021-07-17 21:15:31,64.8378,-147.7164,77.59,50,75,9.22
292,Kieta,PG,2021-07-17 21:17:23,-6.2167,155.6333,81.32,83,100,6.26
293,Promyshlennyy,RU,2021-07-17 21:17:24,67.5833,63.9167,48.52,91,16,8.08
294,Escarcega,MX,2021-07-17 21:17:24,18.6089,-90.7454,90.09,47,99,2.73
295,Suluq,LY,2021-07-17 21:17:24,31.6682,20.2521,78.21,69,0,13.98
296,Bahia Blanca,AR,2021-07-17 21:17:25,-38.7196,-62.2724,43.84,82,97,19.04
297,General Luna,PH,2021-07-17 21:17:25,13.6881,122.1708,79.39,89,100,3.27
298,Hovd,MN,2021-07-17 21:16:39,48.0056,91.6419,61.66,41,17,5.37
299,Evanston,US,2021-07-17 21:14:54,42.0411,-87.6901,82.22,72,40,3.0
300,Dingle,PH,2021-07-17 21:17:26,10.9995,122.6711,77.0,89,79,8.97
301,Provideniya,RU,2021-07-17 21:17:26,64.3833,-173.3,46.58,96,100,7.56
302,Creston,US,2021-07-17 21:14:34,41.0586,-94.3614,81.25,69,40,11.5
303,Rantauprapat,ID,2021-07-17 21:17:27,2.1,99.8333,70.21,80,39,2.64
304,Itarema,BR,2021-07-17 21:17:27,-2.9248,-39.9167,79.63,75,21,12.01
305,Mazagao,BR,2021-07-17 21:17:27,-0.115,-51.2894,87.85,83,27,5.91
306,Vardo,NO,2021-07-17 21:17:28,70.3705,31.1107,51.67,86,90,6.6
307,Najran,SA,2021-07-17 21:17:28,17.4924,44.1277,81.25,56,100,6.4
308,Taltal,CL,2021-07-17 21:17:28,-25.4,-70.4833,61.63,70,100,1.81
309,Luderitz,NA,2021-07-17 21:15:18,-26.6481,15.1594,66.69,32,0,7.76
310,Campbell River,CA,2021-07-17 21:15:14,50.0163,-125.2446,69.6,64,96,6.91
311,Zhigansk,RU,2021-07-17 21:17:29,66.7697,123.3711,47.66,64,91,15.3
312,Bereda,ES,2021-07-17 21:17:30,43.2686,-7.5406,73.15,91,0,3.02
313,Geraldton,AU,2021-07-17 21:17:30,-28.7667,114.6,50.41,93,4,12.66
314,Praxedis Guerrero,MX,2021-07-17 21:17:31,31.3667,-106.0167,100.29,21,5,5.28
315,Bengkulu,ID,2021-07-17 21:17:31,-3.8004,102.2655,74.59,89,73,3.98
316,Fuerte Olimpo,PY,2021-07-17 21:17:31,-21.0415,-57.8738,64.49,86,100,2.59
317,Ilulissat,GL,2021-07-17 21:17:32,69.2167,-51.1,53.62,54,75,4.61
318,Berdigestyakh,RU,2021-07-17 21:17:32,62.0989,126.6992,62.01,90,93,3.69
319,Manta,EC,2021-07-17 21:17:32,-0.95,-80.7333,78.58,73,40,14.97
320,Cururupu,BR,2021-07-17 21:17:33,-1.8283,-44.8683,77.99,82,37,4.09
321,Sembabule,UG,2021-07-17 21:17:33,-0.0772,31.4567,63.9,65,66,3.71
322,Puerto Triunfo,CO,2021-07-17 21:17:33,5.8726,-74.6403,91.69,48,60,3.38
323,Thinadhoo,MV,2021-07-17 21:16:55,0.5333,72.9333,83.39,70,36,8.25
324,Camacha,PT,2021-07-17 21:17:34,33.0833,-16.3333,66.96,77,20,12.66
325,Mehran,IR,2021-07-17 21:17:34,33.1222,46.1646,89.08,10,0,6.11
326,Vila Franca Do Campo,PT,2021-07-17 21:17:35,37.7167,-25.4333,68.41,68,27,5.14
327,Kulhudhuffushi,MV,2021-07-17 21:17:35,6.6221,73.07,81.18,82,100,11.81
328,Osakarovka,KZ,2021-07-17 21:17:35,50.565,72.5692,63.07,58,100,13.6
329,Puri,IN,2021-07-17 21:17:36,19.8,85.85,87.39,80,100,16.67
330,Puerto Penasco,MX,2021-07-17 21:17:36,31.3167,-113.5333,89.91,67,100,8.99
331,Pevek,RU,2021-07-17 21:17:36,69.7008,170.3133,45.88,83,97,14.29
332,Vangaindrano,MG,2021-07-17 21:17:37,-23.35,47.6,68.09,83,98,3.15
333,Vila,PT,2021-07-17 21:17:37,42.0304,-8.1588,72.73,54,10,2.17
334,Oranjemund,NA,2021-07-17 21:17:37,-28.55,16.4333,58.95,53,0,6.67
335,Fort Wellington,GY,2021-07-17 21:17:38,6.4,-57.6,81.46,76,26,8.16
336,Pamfila,GR,2021-07-17 21:17:38,39.1567,26.5217,83.97,51,0,0.0
337,Puerto Escondido,MX,2021-07-17 21:17:39,15.85,-97.0667,90.43,58,90,6.91
338,Nemuro,JP,2021-07-17 21:17:39,43.3236,145.575,61.27,88,99,1.34
339,Changzhou,CN,2021-07-17 21:17:39,31.7833,119.9667,78.96,94,94,10.63
340,Ahuimanu,US,2021-07-17 21:17:40,21.4447,-157.8378,83.91,63,1,14.97
341,Tornio,FI,2021-07-17 21:17:40,65.8481,24.1466,62.62,75,43,10.49
342,Bathsheba,BB,2021-07-17 21:17:41,13.2167,-59.5167,84.81,74,40,17.27
343,North Myrtle Beach,US,2021-07-17 21:17:41,33.816,-78.68,91.22,75,1,4.0
344,Makakilo City,US,2021-07-17 21:17:41,21.3469,-158.0858,82.72,60,90,10.36
345,Poso,ID,2021-07-17 21:17:42,-1.3959,120.7524,76.8,73,100,3.38
346,Bumba,CD,2021-07-17 21:17:42,2.1833,22.4667,71.91,92,100,1.61
347,Yar-Sale,RU,2021-07-17 21:17:42,66.8333,70.8333,41.04,83,36,7.0
348,Plettenberg Bay,ZA,2021-07-17 21:17:43,-34.0527,23.3716,54.7,65,0,3.53
349,Umarkot,PK,2021-07-17 21:17:43,25.3616,69.7362,87.15,76,76,17.83
350,Padang,ID,2021-07-17 21:17:43,-0.9492,100.3543,75.7,80,30,3.65
351,Akyab,MM,2021-07-17 21:17:44,20.15,92.9,81.09,80,100,2.42
352,Haines Junction,CA,2021-07-17 21:17:44,60.7522,-137.5108,73.35,21,1,6.91
353,Mindelo,CV,2021-07-17 21:17:45,16.8901,-24.9804,76.55,73,40,14.97
354,Conceicao Do Araguaia,BR,2021-07-17 21:17:45,-8.2578,-49.2647,89.73,43,0,2.3
355,Kiama,AU,2021-07-17 21:17:43,-34.6833,150.8667,54.37,66,0,8.01
356,Saint Anthony,US,2021-07-17 21:15:14,45.0205,-93.218,89.65,36,1,3.0
357,Umea,SE,2021-07-17 21:17:46,63.8284,20.2597,64.33,94,75,4.61
358,Nome,US,2021-07-17 21:17:46,64.5011,-165.4064,49.15,93,90,17.27
359,Ostrovnoy,RU,2021-07-17 21:17:46,68.0531,39.5131,57.94,70,83,4.88
360,Harer,ET,2021-07-17 21:17:47,9.3094,42.1258,58.42,87,100,4.14
361,Port Hardy,CA,2021-07-17 21:16:35,50.6996,-127.4199,62.78,67,75,11.5
362,Arlit,NE,2021-07-17 21:17:47,18.7369,7.3853,94.03,26,5,7.18
363,Ulladulla,AU,2021-07-17 21:17:48,-35.35,150.4667,53.87,67,3,10.42
364,Goderich,CA,2021-07-17 21:17:48,43.7501,-81.7165,79.12,47,2,12.66
365,Soyo,AO,2021-07-17 21:17:48,-6.1349,12.3689,72.12,89,44,8.52
366,Hay River,CA,2021-07-17 21:17:49,60.8156,-115.7999,55.38,62,75,11.5
367,Faanui,PF,2021-07-17 21:17:49,-16.4833,-151.75,79.3,73,9,20.58
368,Oga,IT,2021-07-17 21:17:49,46.4631,10.347,57.74,93,89,7.58
369,Poum,NC,2021-07-17 21:16:29,-20.2333,164.0167,74.23,74,1,3.42
370,Puerto Leguizamo,CO,2021-07-17 21:17:50,-0.1934,-74.7819,81.61,83,67,0.67
371,Saint-Louis,SN,2021-07-17 21:17:50,16.3333,-15.0,92.01,42,27,19.28
372,Isla Mujeres,MX,2021-07-17 21:17:51,21.2311,-86.731,84.25,82,100,7.94
373,Hambantota,LK,2021-07-17 21:17:51,6.1241,81.1185,79.45,80,97,16.96
374,Vanimo,PG,2021-07-17 21:16:15,-2.6741,141.3028,77.49,88,100,3.87
375,Kortkeros,RU,2021-07-17 21:17:52,61.8106,51.5806,64.4,94,59,3.49
376,Taitung,TW,2021-07-17 21:17:52,22.7583,121.1444,78.33,82,94,5.19
377,Sile,TR,2021-07-17 21:17:52,41.1754,29.6133,77.72,79,0,10.0
378,Mehamn,NO,2021-07-17 21:17:53,71.0357,27.8492,49.87,86,80,18.57
379,Havre-Saint-Pierre,CA,2021-07-17 21:17:53,50.2334,-63.5986,62.96,77,90,13.8
380,Bandarbeyla,SO,2021-07-17 21:17:53,9.4942,50.8122,76.37,84,99,31.54
381,Novopokrovka,UA,2021-07-17 21:17:54,49.8425,36.5477,77.38,65,23,5.41
382,Tiksi,RU,2021-07-17 21:17:54,71.6872,128.8694,39.43,75,91,8.08
383,Praia Da Vitoria,PT,2021-07-17 21:17:54,38.7333,-27.0667,71.85,78,40,7.52
384,Sistranda,NO,2021-07-17 21:17:55,63.7256,8.834,55.9,82,76,32.77
385,Paamiut,GL,2021-07-17 21:17:55,61.994,-49.6678,45.66,95,100,1.05
386,Camargo,MX,2021-07-17 21:17:56,27.6667,-105.1667,92.39,26,32,6.58
387,Shenjiamen,CN,2021-07-17 21:16:50,29.9576,122.298,77.52,88,100,8.43
388,Dombarovskiy,RU,2021-07-17 21:17:56,50.7587,59.5386,64.51,79,4,2.73
389,Port-Gentil,GA,2021-07-17 21:17:57,-0.7193,8.7815,75.47,75,73,10.33
390,Panguna,PG,2021-07-17 21:17:57,-6.3164,155.4848,71.49,92,100,2.13
391,Barcelos,PT,2021-07-17 21:14:22,41.5388,-8.6151,74.91,77,0,3.27
392,Tineo,ES,2021-07-17 21:17:58,43.3376,-6.4145,61.23,87,1,2.93
393,Ukiah,US,2021-07-17 21:17:58,39.1502,-123.2078,102.13,23,1,3.44
394,Vysha,RU,2021-07-17 21:17:58,53.8477,42.3777,69.58,75,2,3.58
395,Nishihara,JP,2021-07-17 21:17:59,26.1842,127.7558,82.45,91,40,9.22
396,Bambous Virieux,MU,2021-07-17 21:17:59,-20.3428,57.7575,72.21,73,40,12.66
397,Fukue,JP,2021-07-17 21:18:00,32.6881,128.8419,78.94,78,85,10.09
398,Faya,SA,2021-07-17 21:18:00,18.3851,42.4509,73.51,43,100,9.62
399,Royan,FR,2021-07-17 21:18:00,45.6285,-1.0281,69.78,78,0,10.36
400,Clyde River,CA,2021-07-17 21:18:01,70.4692,-68.5914,41.23,75,90,11.5
401,Jining,CN,2021-07-17 21:18:02,35.405,116.5814,79.0,1,77,11.3
402,Muros,ES,2021-07-17 21:18:02,42.7762,-9.0603,75.15,78,0,1.63
403,San Quintin,MX,2021-07-17 21:18:03,30.4833,-115.95,72.82,71,99,11.12
404,Mapiripan,CO,2021-07-17 21:16:07,2.8892,-72.1256,82.76,76,41,4.52
405,Beni Mazar,EG,2021-07-17 21:18:04,28.4962,30.8029,90.1,23,0,9.37
406,Tiarei,PF,2021-07-17 21:18:04,-17.5333,-149.3333,82.42,72,8,23.71
407,Arrifes,PT,2021-07-17 21:18:05,37.7667,-25.7,66.45,77,20,10.36
408,Inhambane,MZ,2021-07-17 21:17:34,-23.865,35.3833,63.25,86,25,8.79
409,Pangnirtung,CA,2021-07-17 21:18:05,66.1451,-65.7125,59.58,62,47,3.56
410,Kichera,RU,2021-07-17 21:18:06,55.9375,110.0997,62.85,91,99,0.72
411,Valparaiso,CL,2021-07-17 21:15:28,-33.0393,-71.6273,70.03,39,0,9.22
412,Katsuura,JP,2021-07-17 21:18:06,35.1333,140.3,80.11,89,43,5.26
413,Terrace,CA,2021-07-17 21:16:48,54.5163,-128.6035,69.42,55,75,6.91
414,Pedro Ii,BR,2021-07-17 21:18:07,-4.4247,-41.4586,82.04,42,90,5.28
415,Gornyy,RU,2021-07-17 21:18:07,55.1153,83.9059,56.79,95,72,6.51
416,Odweyne,SO,2021-07-17 21:18:08,9.4092,45.064,70.52,54,66,17.87
417,Kalispell,US,2021-07-17 21:15:09,48.1958,-114.3129,87.84,26,1,8.01
418,Ponta Delgada,PT,2021-07-17 21:18:08,37.7333,-25.6667,68.72,77,20,10.36
419,Melfi,IT,2021-07-17 21:18:09,40.9965,15.6514,63.39,90,100,2.15
420,Te Anau,NZ,2021-07-17 21:18:09,-45.4167,167.7167,45.91,93,100,2.71
421,Ibra,OM,2021-07-17 21:18:09,22.6906,58.5334,78.51,75,97,10.09
422,Lahij,YE,2021-07-17 21:18:10,13.1667,44.5833,85.71,42,96,3.49
423,Sumbe,AO,2021-07-17 21:18:10,-11.2061,13.8437,70.36,89,13,6.8
424,Boende,CD,2021-07-17 21:18:11,-0.2167,20.8667,78.87,57,96,3.69
425,Sao Sebastiao,BR,2021-07-17 21:15:12,-23.76,-45.4097,67.95,91,48,3.76
426,Nesna,NO,2021-07-17 21:18:11,66.1967,13.0213,51.58,89,81,20.27
427,Kysyl-Syr,RU,2021-07-17 21:18:12,63.8986,122.7617,53.76,82,87,6.38
428,Cherdyn,RU,2021-07-17 21:18:12,60.403,56.4787,59.52,92,95,0.85
429,Ust-Tsilma,RU,2021-07-17 21:18:12,65.441,52.1498,50.61,85,12,3.29
430,Rehoboth,NA,2021-07-17 21:18:13,-23.3167,17.0833,51.19,38,1,6.11
431,Jiayuguan,CN,2021-07-17 21:18:13,39.8167,98.3,76.86,25,1,8.19
432,Sayyan,YE,2021-07-17 21:18:14,15.1718,44.3244,63.5,41,100,3.98
433,Chapais,CA,2021-07-17 21:16:45,49.7834,-74.8492,80.38,38,92,7.92
434,Tromso,NO,2021-07-17 21:15:38,69.6496,18.957,54.25,76,90,8.05
435,Quelimane,MZ,2021-07-17 21:18:14,-17.8786,36.8883,66.15,94,75,9.22
436,Vila Velha,BR,2021-07-17 21:18:15,-20.3297,-40.2925,75.15,78,0,13.8
437,Lerwick,GB,2021-07-17 21:18:15,60.1545,-1.1494,53.6,81,79,19.57
438,Rajmahal,IN,2021-07-17 21:18:15,25.05,87.8333,79.38,92,100,1.86
439,Daye,CN,2021-07-17 21:18:16,30.0833,114.95,74.03,96,67,1.39
440,Shingu,JP,2021-07-17 21:18:16,33.7333,135.9833,77.92,93,100,7.25
441,Turayf,SA,2021-07-17 21:18:16,31.6725,38.6637,86.25,25,0,6.91
442,Leh,IN,2021-07-17 21:18:17,34.1667,77.5833,66.07,32,0,6.87
443,Bom Jardim,BR,2021-07-17 21:18:17,-7.7958,-35.5872,73.74,87,70,8.32
444,Zyryanskoye,RU,2021-07-17 21:18:18,56.8306,86.6258,54.82,96,99,5.82
445,Athabasca,CA,2021-07-17 21:18:18,54.7169,-113.2854,58.69,75,100,11.63
446,Alyangula,AU,2021-07-17 21:18:18,-13.8483,136.4192,72.79,62,43,14.99
447,Aksum,ET,2021-07-17 21:18:19,14.1245,38.7244,58.26,84,100,2.77
448,Renfrew,GB,2021-07-17 21:18:19,55.872,-4.3925,66.43,81,6,12.66
449,Donskoye,RU,2021-07-17 21:18:19,45.4552,41.9741,80.62,39,9,5.79
450,Caconda,AO,2021-07-17 21:18:20,-13.7333,15.0667,60.93,34,23,3.31
451,Katherine,AU,2021-07-17 21:18:20,-14.4667,132.2667,66.52,63,23,5.75
452,Krasnogvardeyskiy,RU,2021-07-17 21:18:21,57.3793,62.3195,57.56,74,43,5.01
453,Mwense,ZM,2021-07-17 21:18:21,-10.3845,28.698,64.62,47,11,12.5
454,Jalu,LY,2021-07-17 21:18:21,29.0331,21.5482,82.0,49,0,17.2
455,Yamethin,MM,2021-07-17 21:18:22,20.4333,96.15,75.07,89,54,5.75
456,Waitati,NZ,2021-07-17 21:18:22,-45.75,170.5667,49.8,92,100,7.76
457,Hobyo,SO,2021-07-17 21:18:22,5.3505,48.5268,76.6,79,60,29.53
458,Lagoa Da Prata,BR,2021-07-17 21:18:23,-20.0225,-45.5436,76.37,31,42,3.67
459,Quepos,CR,2021-07-17 21:18:23,9.4236,-84.1652,85.59,80,81,2.59
460,Nayoro,JP,2021-07-17 21:18:24,44.3506,142.4578,68.81,87,10,4.72
461,Zhob,PK,2021-07-17 21:18:24,31.3411,69.4481,86.59,46,49,6.04
462,Campo Verde,BR,2021-07-17 21:18:24,-20.4167,-54.0667,74.41,60,93,8.68
463,Mandiana,GN,2021-07-17 21:18:25,10.6333,-8.6833,75.79,85,75,3.53
464,Sao Joao Da Barra,BR,2021-07-17 21:15:00,-21.6403,-41.0511,73.49,88,1,10.83
465,Jiazi,CN,2021-07-17 21:18:26,22.8779,116.067,79.57,84,100,7.99
466,Uyuni,BO,2021-07-17 21:18:26,-20.4597,-66.825,47.7,15,66,7.58
467,Coahuayana,MX,2021-07-17 21:18:26,18.7333,-103.6833,85.48,66,99,4.27
468,Corowa,AU,2021-07-17 21:18:27,-36.0333,146.3833,46.72,94,49,7.58
469,Corrente,BR,2021-07-17 21:18:27,-3.7367,-43.3394,81.84,62,100,3.06
470,Vestmannaeyjar,IS,2021-07-17 21:18:28,63.4427,-20.2734,50.9,87,24,16.78
471,Nivala,FI,2021-07-17 21:18:28,63.9167,24.9667,62.69,72,98,3.02
472,North Bend,US,2021-07-17 21:18:28,43.4065,-124.2243,75.92,71,1,18.41
473,Hatod,IN,2021-07-17 21:18:29,22.8,75.7333,82.27,73,100,6.35
474,Koungou,YT,2021-07-17 21:18:29,-12.7336,45.2042,74.91,73,0,10.36
475,Ban Chang,TH,2021-07-17 21:18:29,12.7254,101.0553,84.47,90,20,4.61
476,Suluova,TR,2021-07-17 21:18:30,40.8313,35.6479,75.06,73,0,0.0
477,Cortez,US,2021-07-17 21:17:46,37.3489,-108.5859,90.52,26,1,10.36
478,Fortuna Foothills,US,2021-07-17 21:18:30,32.6578,-114.4119,95.22,42,90,5.75
479,Port Augusta,AU,2021-07-17 21:18:31,-32.5,137.7667,41.7,77,100,1.99
480,Fugen,AT,2021-07-17 21:18:31,47.35,11.85,66.4,100,100,3.58
481,Nenjiang,CN,2021-07-17 21:18:31,49.1833,125.2167,64.92,95,100,9.98
482,College,US,2021-07-17 21:18:32,64.8569,-147.8028,77.58,50,75,10.36
483,Lorengau,PG,2021-07-17 21:18:32,-2.0226,147.2712,81.36,76,99,4.88
484,Garowe,SO,2021-07-17 21:18:33,8.4054,48.4845,80.64,44,100,18.9
485,Trinidad,BO,2021-07-17 21:18:33,-14.8333,-64.9,87.04,45,44,3.74
486,Mlonggo,ID,2021-07-17 21:18:33,-6.5333,110.7,78.69,80,99,6.71
487,Manadhoo,MV,2021-07-17 21:18:34,5.7667,73.3833,81.5,82,98,12.64
488,Tashtyp,RU,2021-07-17 21:18:34,52.7939,89.8983,50.9,89,23,3.42
489,Moindou,NC,2021-07-17 21:18:34,-21.6924,165.677,66.15,71,2,3.44
490,Ramos Arizpe,MX,2021-07-17 21:18:35,25.55,-100.9667,86.29,32,75,9.22
491,Cassilandia,BR,2021-07-17 21:16:12,-19.1133,-51.7342,81.1,31,33,8.12
492,Surt,LY,2021-07-17 21:18:35,31.2089,16.5887,78.78,68,0,14.88
493,Jaciara,BR,2021-07-17 21:18:36,-15.9653,-54.9683,86.31,26,17,5.5
494,Kabalo,CD,2021-07-17 21:18:36,-6.05,26.9167,76.03,35,82,5.3
495,Preobrazheniye,RU,2021-07-17 21:18:37,42.9019,133.9064,70.23,83,1,7.96
496,Asau,RO,2021-07-17 21:16:19,46.4333,26.4,73.76,69,0,4.59
497,Yerbogachen,RU,2021-07-17 21:18:37,61.2767,108.0108,63.57,72,98,6.98
498,Port Lincoln,AU,2021-07-17 21:18:38,-34.7333,135.8667,52.86,72,100,4.99
499,Alexandria,EG,2021-07-17 21:14:53,31.2156,29.9553,79.59,77,0,8.84
500,Champerico,GT,2021-07-17 21:18:38,14.3,-91.9167,93.74,69,28,6.51
501,Port Hedland,AU,2021-07-17 21:15:05,-20.3167,118.5667,53.65,62,60,6.91
502,Buala,SB,2021-07-17 21:18:39,-8.145,159.5921,81.79,83,100,7.43
503,Moglingen,DE,2021-07-17 21:18:39,48.8874,9.1269,68.86,85,100,3.74
504,Henties Bay,NA,2021-07-17 21:18:15,-22.116,14.2845,67.86,58,19,11.1
505,San Jeronimo,PE,2021-07-17 21:18:40,-11.9472,-75.2829,58.15,48,65,10.58
506,Bago,MM,2021-07-17 21:18:40,17.3367,96.4797,77.13,89,96,2.91
507,Khovu-Aksy,RU,2021-07-17 21:18:40,51.1333,93.6,52.27,74,75,2.66
508,Taoudenni,ML,2021-07-17 21:18:41,22.6783,-3.9836,106.05,9,2,9.37
509,Trelew,AR,2021-07-17 21:15:20,-43.249,-65.3051,44.33,61,96,17.47
510,Komsomolets,KZ,2021-07-17 21:18:41,53.7453,62.0708,58.78,89,1,2.62
511,Sobolevo,RU,2021-07-17 21:18:42,54.4299,31.8996,71.85,69,78,1.34
512,Selikhino,RU,2021-07-17 21:18:42,50.3672,137.4996,68.4,81,20,0.83
513,Flin Flon,CA,2021-07-17 21:15:13,54.7682,-101.865,57.04,58,90,4.61
514,Celestun,MX,2021-07-17 21:18:43,20.8667,-90.4,82.78,76,39,14.81
515,San Isidro,PE,2021-07-17 21:18:44,-12.1167,-77.05,63.99,87,90,6.91
516,Hualmay,PE,2021-07-17 21:18:44,-11.0964,-77.6139,66.33,75,16,10.98
517,Qandala,SO,2021-07-17 21:18:44,11.472,49.8728,88.34,48,41,19.73
518,Venado Tuerto,AR,2021-07-17 21:18:45,-33.7456,-61.9688,50.9,36,4,15.03
519,Talcahuano,CL,2021-07-17 21:15:17,-36.7167,-73.1167,56.88,38,0,13.8
520,Husavik,IS,2021-07-17 21:18:45,66.0449,-17.3389,64.31,62,25,3.36
521,Altamira,BR,2021-07-17 21:18:46,-3.2033,-52.2064,84.29,79,20,2.3
522,Teluknaga,ID,2021-07-17 21:18:46,-6.0989,106.6381,80.64,78,20,3.44
523,Kerema,PG,2021-07-17 21:18:46,-7.9631,145.7785,77.05,88,100,1.68
524,Heihe,CN,2021-07-17 21:18:47,50.2441,127.4902,61.38,60,100,0.94
525,Sur,OM,2021-07-17 21:18:47,22.5667,59.5289,84.2,72,4,19.35
526,Vammala,FI,2021-07-17 21:18:47,61.3333,22.9,65.64,75,0,4.85
527,Alta Floresta,BR,2021-07-17 21:18:48,-9.8756,-56.0861,91.22,40,20,3.44
528,Telde,ES,2021-07-17 21:18:48,27.9924,-15.4192,70.02,83,20,28.77
529,Savannah Bight,HN,2021-07-17 21:18:49,16.45,-85.85,88.0,75,0,20.62
530,Bani Walid,LY,2021-07-17 21:18:49,31.7566,13.9942,73.87,55,0,10.8
531,Ballina,AU,2021-07-17 21:18:49,-28.8667,153.5667,50.77,58,0,11.79
532,Ballangen,NO,2021-07-17 21:18:50,68.3428,16.8315,56.19,93,90,4.61
533,Sabha,LY,2021-07-17 21:18:50,27.0377,14.4283,94.17,20,0,18.92
534,Road Town,VG,2021-07-17 21:18:50,18.4167,-64.6167,87.89,70,40,10.36
535,Rapid Valley,US,2021-07-17 21:18:51,44.0625,-103.1463,89.19,45,1,10.0
536,Lauf,DE,2021-07-17 21:18:51,48.65,8.1333,70.81,89,75,1.14
537,Hammerfest,NO,2021-07-17 21:18:51,70.6634,23.6821,50.45,81,75,8.05
538,Bayir,TR,2021-07-17 21:18:52,37.2687,28.2167,70.32,56,0,1.16
539,Temerloh,MY,2021-07-17 21:18:52,3.4483,102.4176,74.26,91,98,1.01
540,Merauke,ID,2021-07-17 21:18:53,-8.4667,140.3333,76.8,90,93,11.65
541,Mangrol,IN,2021-07-17 21:18:53,21.1167,70.1167,83.35,82,100,17.63
542,Abalak,RU,2021-07-17 21:18:53,58.1286,68.5944,49.01,91,7,1.52
543,Batemans Bay,AU,2021-07-17 21:18:54,-35.7167,150.1833,42.19,72,4,6.04
544,Shitanjing,CN,2021-07-17 21:18:54,39.2342,106.3439,74.25,51,0,6.06
545,Lima,PE,2021-07-17 21:18:05,-12.0432,-77.0282,62.85,77,90,6.91
546,Mount Isa,AU,2021-07-17 21:15:46,-20.7333,139.5,44.37,65,7,1.14
547,Aksay,RU,2021-07-17 21:18:55,47.26,39.87,83.25,54,40,5.99
548,Petatlan,MX,2021-07-17 21:18:55,17.5167,-101.2667,91.2,57,96,3.91
549,Ust-Omchug,RU,2021-07-17 21:18:56,61.15,149.6333,55.27,85,100,0.6
550,Mercedes,AR,2021-07-17 21:17:31,-34.6515,-59.4307,51.84,49,36,16.87
551,Morros,BR,2021-07-17 21:18:56,-9.4467,-46.3003,82.62,27,1,3.49
552,Black Forest,US,2021-07-17 21:18:56,39.0131,-104.7008,89.22,48,90,1.99
553,Zlocieniec,PL,2021-07-17 21:18:57,53.5329,16.0113,63.9,89,7,5.7
